"Full Name",Email,Address,"Contact Number",Subscription
"Gagandeep Kurl",gkurl@hotmail.co.uk,"50 Fowler Street","1-423-626-8251 x709","Monthly - £10
"
"Ava Durgan",renner.kendrick@gmail.com,"991 Steuber Park
East Kariane"," IL 21009",512-929-8981,"Monthly - £10
"
"Seth Prosacco",lockman.taylor@oberbrunner.com,"13912 Cartwright Wells
Tonimouth"," NV 85655-5525","+1 (752) 474-7140","Annual - £120
"
"Bill Kuhic",boyer.jalyn@streich.com,"222 Ratke Ridge
Port Millerview"," RI 63771-5864","1-232-357-0441 x84926","Annual - £120
"
"Salvatore Berge",tromp.bridgette@bailey.com,"8086 Elouise Mountain Suite 418
South Florian"," NE 64798-5831",+18078823504,"Annual - £120
"
"Tevin Hagenes",reta53@jacobi.biz,"365 Dusty Isle Suite 551
Barrowsmouth"," NH 06145-1977","1-957-360-6733 x26783","Annual - £120
"
"Courtney Schmitt",vandervort.kameron@kuhlman.com,"168 Wolff Estate Apt. 596
Lydiastad"," VA 30445-9836","(972) 864-7967 x35802","Annual - £120
"
"Kory Goldner",obuckridge@ziemann.info,"85745 Champlin Harbors
South Marcelino"," MD 50279-7386","884.749.2549 x7094","Annual - £120
"
"David O'Hara",haskell.gleason@senger.info,"371 Winfield Landing Apt. 482
East Bernie"," NY 20396-8112","(928) 242-2809","Monthly - £10
"
"Amie Schroeder",adrienne30@hotmail.com,"123 Tromp Junctions
Gilesville"," LA 20409-3064","608-204-0776 x150","Monthly - £10
"
"Rhea Hamill",uschuppe@roberts.com,"40234 Cornell Ports
Tateville"," IN 82444",+14544268518,"Annual - £120
"
"test test",test@test.com,"test avenue",123123123,"Monthly - £10
"
